regime;angle_deg;run;delta_epi_total;delta_ci_low;delta_ci_high
base;15;0;0.005261;-0.013193;0.024208
base;15;1;-0.020394;-0.037205;-0.003686
base;15;2;-0.040889;-0.058288;-0.025100
base;15;3;-0.032203;-0.047172;-0.017476
base;15;4;-0.029330;-0.046932;-0.012530
trained;15;0;0.056604;0.050419;0.063044
trained;15;1;0.035278;0.028715;0.041344
trained;15;2;0.061096;0.055510;0.066734
trained;15;3;0.057157;0.050791;0.063362
trained;15;4;0.060529;0.054233;0.066551
base;30;0;-0.059859;-0.077757;-0.041029
base;30;1;-0.100011;-0.114647;-0.085492
base;30;2;-0.072407;-0.087354;-0.057989
base;30;3;0.007343;-0.005714;0.020946
base;30;4;-0.115716;-0.132192;-0.099335
trained;30;0;0.056041;0.050794;0.061481
trained;30;1;0.034783;0.028876;0.040714
trained;30;2;0.032175;0.027841;0.036514
trained;30;3;0.027696;0.023012;0.032146
trained;30;4;0.036662;0.031663;0.041137
base;45;0;-0.048706;-0.064211;-0.033210
base;45;1;-0.077535;-0.091540;-0.062982
base;45;2;0.053533;0.040569;0.065726
base;45;3;0.079761;0.068078;0.092666
base;45;4;-0.112895;-0.128171;-0.097087
trained;45;0;0.071578;0.066311;0.077121
trained;45;1;0.032919;0.028178;0.038124
trained;45;2;0.034911;0.030707;0.039153
trained;45;3;0.044826;0.040213;0.049458
trained;45;4;0.021936;0.017631;0.026245
base;60;0;0.020923;0.004731;0.037461
base;60;1;0.030941;0.017122;0.046240
base;60;2;0.141483;0.128111;0.154938
base;60;3;0.086346;0.074218;0.098342
base;60;4;-0.001648;-0.016691;0.013597
trained;60;0;0.068084;0.063321;0.073383
trained;60;1;0.048548;0.043493;0.053749
trained;60;2;0.037879;0.033538;0.042507
trained;60;3;0.061964;0.056907;0.066560
trained;60;4;0.035931;0.031276;0.040448
base;90;0;0.034908;0.019056;0.052872
base;90;1;0.101288;0.086710;0.115313
base;90;2;0.120159;0.106501;0.133715
base;90;3;0.102135;0.089727;0.115918
base;90;4;-0.048602;-0.063347;-0.033158
trained;90;0;0.069339;0.064553;0.074746
trained;90;1;0.030960;0.026625;0.035654
trained;90;2;0.057130;0.052510;0.061871
trained;90;3;0.062967;0.057969;0.067875
trained;90;4;0.051540;0.047129;0.056243
base;120;0;-0.121427;-0.135186;-0.105821
base;120;1;0.002856;-0.012038;0.017163
base;120;2;-0.053826;-0.067911;-0.041042
base;120;3;0.032407;0.021675;0.043273
base;120;4;-0.084410;-0.099743;-0.069133
trained;120;0;0.022322;0.018282;0.026323
trained;120;1;0.014293;0.009604;0.019327
trained;120;2;0.033498;0.029787;0.037510
trained;120;3;-0.004718;-0.008044;-0.001319
trained;120;4;0.032132;0.027770;0.036739
base;150;0;-0.101748;-0.117447;-0.086725
base;150;1;-0.090911;-0.106809;-0.075438
base;150;2;0.134692;0.120748;0.149317
base;150;3;0.079170;0.068021;0.090290
base;150;4;-0.099100;-0.113105;-0.082857
trained;150;0;0.014775;0.009279;0.020017
trained;150;1;0.023393;0.018064;0.029272
trained;150;2;0.029906;0.025908;0.034270
trained;150;3;0.009978;0.005464;0.014585
trained;150;4;0.012613;0.008374;0.016583
base;180;0;-0.048722;-0.067801;-0.030360
base;180;1;-0.125119;-0.142327;-0.108070
base;180;2;0.008170;-0.007981;0.023864
base;180;3;-0.012811;-0.027483;0.001777
base;180;4;-0.113955;-0.131130;-0.097665
trained;180;0;0.017538;0.010954;0.024051
trained;180;1;-0.002342;-0.008463;0.003937
trained;180;2;0.028104;0.022255;0.034401
trained;180;3;0.010960;0.005384;0.016775
trained;180;4;0.026128;0.019659;0.032213
