regime;run;mnist;kmnist;classes;rotation;noise
base;0;0.431932;0.339559;0.021416;-0.039921;-0.233383
base;1;0.273520;0.220213;0.047521;-0.034861;-0.231809
base;2;0.178270;0.133625;0.049971;0.036364;-0.181389
base;3;0.259540;0.222393;0.012239;0.042768;-0.142989
base;4;0.295804;0.181666;0.043824;-0.075707;-0.245925
trained;0;0.078242;0.063094;0.029644;0.047035;-0.032271
trained;1;0.083067;0.081196;0.034226;0.027229;-0.009889
trained;2;0.084090;0.083094;0.044544;0.039338;-0.018537
trained;3;0.060571;0.064945;0.034890;0.033854;-0.018180
trained;4;0.066696;0.065373;0.028326;0.034684;-0.028475
