epochs;sigma;run;accuracy_first4000;delta_mnist;delta_rotation_mean
5;1.0;0;0.694000;0.431932;-0.039921
5;1.0;1;0.708500;0.273520;-0.034861
5;1.0;2;0.698750;0.178270;0.036364
5;1.0;3;0.692000;0.259540;0.042768
5;1.0;4;0.711250;0.295804;-0.075707
5;0.1;0;0.793500;0.127804;0.009095
5;0.1;1;0.799250;0.119256;0.007904
5;0.1;2;0.807000;0.124904;0.016191
5;0.1;3;0.804000;0.108561;-0.003509
5;0.1;4;0.793500;0.094328;0.024854
20;1.0;0;0.838000;0.096003;0.051600
20;1.0;1;0.840750;0.139521;0.051813
20;1.0;2;0.847500;0.147553;0.046964
20;1.0;3;0.837750;0.084772;0.049032
20;1.0;4;0.846500;0.138887;0.066715
20;0.1;0;0.871250;0.078242;0.047035
20;0.1;1;0.855500;0.083067;0.027229
20;0.1;2;0.872250;0.084090;0.039338
20;0.1;3;0.868000;0.060571;0.033854
20;0.1;4;0.870250;0.066696;0.034684
