левая граница интервала, нат;правая граница, нат;плотность FashionMNIST;плотность MNIST
0;0,022287;2,80359;0,0253805
0,022287;0,0445741;2,33437;0,0317257
0,0445741;0,0668611;1,86065;0,0280999
0,0668611;0,0891481;1,7814;0,0308192
0,0891481;0,111435;1,7769;0,0652642
0,111435;0,133722;1,55985;0,0643577
0,133722;0,156009;1,64991;0,0743287
0,156009;0,178296;1,59678;0,087019
0,178296;0,200583;1,6247;0,119651
0,200583;0,22287;1,69314;0,10968
0,22287;0,245157;1,72106;0,12237
0,245157;0,267444;1,68504;0,15319
0,267444;0,289731;1,65081;0,184009
0,289731;0,312018;1,75438;0,204857
0,312018;0,334305;1,72556;0,23477
0,334305;0,356592;1,71746;0,241115
0,356592;0,37888;1,64991;0,289157
0,37888;0,401167;1,55805;0,335386
0,401167;0,423454;1,54004;0,389772
0,423454;0,445741;1,35181;0,436002
0,445741;0,468028;1,34911;0,487668
0,468028;0,490315;1,17799;0,544775
0,490315;0,512602;1,06272;0,63814
0,512602;0,534889;0,960045;0,702495
0,534889;0,557176;0,834863;0,799487
0,557176;0,579463;0,7412;0,897384
0,579463;0,60175;0,658344;0,9699
0,60175;0,624037;0,547568;1,05238
0,624037;0,646324;0,447602;1,14756
0,646324;0,668611;0,390864;1,22824
0,668611;0,690898;0,321516;1,41496
0,690898;0,713185;0,256673;1,48476
0,713185;0,735472;0,198134;1,63795
0,735472;0,757759;0,171115;1,61982
0,757759;0,780046;0,154004;1,68418
0,780046;0,802333;0,114377;1,83556
0,802333;0,82462;0,0918618;1,79295
0,82462;0,846907;0,0729492;1,74582
0,846907;0,869194;0,0540365;1,77029
0,869194;0,891481;0,0495334;1,79114
0,891481;0,913768;0,0315212;1,70684
0,913768;0,936055;0,0306207;1,60623
0,936055;0,958342;0,0216146;1,62798
0,958342;0,980629;0,0234157;1,46572
0,980629;1,00292;0,0135091;1,33157
1,00292;1,0252;0,020714;1,2228
1,0252;1,04749;0,00720486;1,10496
1,04749;1,06978;0,00630422;0,981678
1,06978;1,09206;0,00450304;0,910074
1,09206;1,11435;0,00360243;0,808552
1,11435;1,13664;0,00450304;0,770481
1,13664;1,15893;0,00360243;0,629075
1,15893;1,18121;0,00270182;0,518488
1,18121;1,2035;0,000900608;0,459569
1,2035;1,22579;0;0,347168
1,22579;1,24807;0,00180122;0,296409
1,24807;1,27036;0,00180122;0,243835
1,27036;1,29265;0;0,196699
1,29265;1,31493;0,000900608;0,168599
