режим;запуск;точность (первые 4000 тестовых объектов);Δ AUROC, MNIST;Δ AUROC, повороты (среднее по 8 углам)
5 эпох, σ = 1;0;0,694;0,431932;-0,0399212
5 эпох, σ = 1;1;0,7085;0,27352;-0,0348608
5 эпох, σ = 1;2;0,69875;0,17827;0,0363644
5 эпох, σ = 1;3;0,692;0,25954;0,0427684
5 эпох, σ = 1;4;0,71125;0,295804;-0,0757071
5 эпох, σ = 0,1;0;0,7935;0,127804;0,00909545
5 эпох, σ = 0,1;1;0,79925;0,119256;0,00790382
5 эпох, σ = 0,1;2;0,807;0,124904;0,0161911
5 эпох, σ = 0,1;3;0,804;0,108561;-0,00350917
5 эпох, σ = 0,1;4;0,7935;0,094328;0,0248542
20 эпох, σ = 1;0;0,838;0,0960027;0,0515995
20 эпох, σ = 1;1;0,84075;0,139521;0,051813
20 эпох, σ = 1;2;0,8475;0,147553;0,0469644
20 эпох, σ = 1;3;0,83775;0,0847717;0,0490324
20 эпох, σ = 1;4;0,8465;0,138887;0,0667148
20 эпох, σ = 0,1;0;0,87125;0,0782415;0,0470351
20 эпох, σ = 0,1;1;0,8555;0,0830672;0,0272289
20 эпох, σ = 0,1;2;0,87225;0,0840895;0,0393376
20 эпох, σ = 0,1;3;0,868;0,0605706;0,0338537
20 эпох, σ = 0,1;4;0,87025;0,0666955;0,0346839
